city,country,lon,lat,temp,feels_like,temp_min,temp_max,pressure,humidity,sea_level,grnd_level,visibility,wind_speed,wind_deg,wind_gust,clouds,weather_main,weather_description,weather_icon,timezone
Moscow,RU,37.6156,55.7522,17.43,16.72,17.43,17.43,1005,57,1005,986,10000,2.24,311,2.61,94,Clouds,overcast clouds,04d,10800
Saint Petersburg,RU,30.2642,59.8944,19.47,19.09,19.47,19.47,1002,62,1002,1000,10000,0.89,154,4.47,80,Clouds,broken clouds,04d,10800
Novosibirsk,RU,82.9344,55.0411,26.34,26.34,26.34,26.34,1006,54,1006,987,10000,0.43,358,0.96,9,Clear,clear sky,01d,25200
Yekaterinburg,RU,60.6125,56.8575,18.83,19.04,18.83,18.83,1004,87,1004,971,10000,2.13,86,4.01,99,Rain,moderate rain,10d,18000
Kazan,RU,49.1221,55.7887,25.17,25.0,25.17,25.17,1003,48,1003,990,10000,3.05,95,2.85,42,Clouds,scattered clouds,03d,10800
Vladimir,RU,40.3966,56.1366,19.8,20.03,19.8,19.8,1003,84,1003,987,10000,3.4,339,4.31,79,Rain,light rain,10d,10800
Nizhny Novgorod,RU,44.002,56.3287,25.94,25.76,25.94,25.94,1002,45,1002,992,10000,4.19,163,4.23,6,Clear,clear sky,01d,10800
Samara,RU,50.0,53.0,23.33,23.21,23.33,23.33,1001,57,1001,992,10000,3.91,298,6.05,41,Clouds,scattered clouds,03d,14400
Omsk,RU,73.4,55.0,24.36,24.18,24.36,24.36,1005,51,1005,994,10000,3.3,130,4.06,49,Clouds,scattered clouds,03d,21600
Krasnoyarsk,RU,92.7917,56.0097,19.93,19.96,19.93,19.93,1007,76,1007,979,10000,1.31,217,1.67,93,Clouds,overcast clouds,04d,25200
Rostov-on-Don,RU,39.7139,47.2364,24.87,24.77,24.87,24.87,1007,52,1007,1002,10000,4.71,269,5.15,100,Clouds,overcast clouds,04d,10800
Ufa,RU,56.0375,54.775,23.98,23.74,23.98,23.98,1002,50,1002,988,10000,1.55,64,1.7,43,Clouds,scattered clouds,03d,18000
Volgograd,RU,44.5018,48.7194,26.77,26.89,26.77,26.77,1003,44,1003,996,10000,6.33,260,6.89,55,Clouds,broken clouds,04d,10800
Perm,RU,56.2855,58.0174,22.76,22.71,22.76,22.76,1005,62,1005,987,10000,3.54,83,4.75,77,Rain,light rain,10d,18000
Voronezh,RU,39.17,51.6664,18.08,18.03,18.08,18.08,1006,80,1006,991,10000,4.18,308,5.91,100,Clouds,overcast clouds,04d,10800
Krasnodar,RU,40.0,45.0,23.07,23.31,23.07,23.07,1009,72,1009,999,10000,6.53,272,7.75,62,Rain,light rain,10d,10800
Saratov,RU,46.0333,51.5667,23.6,23.53,23.6,23.6,1002,58,1002,994,10000,1.29,273,2.81,44,Clouds,scattered clouds,03d,14400
Tyumen,RU,65.5272,57.1522,23.2,23.22,23.2,23.2,1004,63,1004,994,10000,4.87,125,6.82,83,Rain,light rain,10d,18000
Tolyatti,RU,49.3461,53.5303,21.32,21.15,21.32,21.32,1002,63,1002,995,10000,2.71,325,3.43,99,Clouds,overcast clouds,04d,14400
Izhevsk,RU,53.2333,56.85,25.07,25.09,25.07,25.07,1003,56,1003,987,10000,2.04,81,2.48,52,Clouds,broken clouds,04d,14400
London,GB,-0.1257,51.5085,19.79,19.16,18.89,21.1,1020,51,1020,1015,10000,0.89,37,2.24,46,Clouds,scattered clouds,03d,3600
Paris,FR,2.3488,48.8534,24.88,24.52,22.9,26.87,1019,42,1019,1009,10000,3.2,339,4.56,20,Clouds,few clouds,02d,7200
Berlin,DE,13.4105,52.5244,16.4,15.98,13.38,18.34,1008,72,1008,1003,10000,8.05,270,,97,Rain,moderate rain,10d,7200
Madrid,ES,-3.7026,40.4165,28.71,27.69,28.13,29.8,1014,31,1014,941,10000,1.34,135,2.68,49,Clouds,scattered clouds,03d,7200
Rome,US,-85.1647,34.257,23.02,23.83,22.36,23.6,1015,94,1015,988,10000,1.69,227,3.85,100,Clouds,overcast clouds,04d,-14400
Amsterdam,NL,4.8897,52.374,16.59,16.08,15.5,17.72,1017,68,1017,1017,10000,3.13,290,6.71,40,Clouds,scattered clouds,03d,7200
Brussels,BE,4.3488,50.8504,17.97,17.49,17.11,18.77,1019,64,1019,1012,10000,4.1,324,5.57,90,Clouds,overcast clouds,04d,7200
Vienna,AT,16.3721,48.2085,20.53,20.13,19.52,22.68,1012,57,1012,986,10000,6.71,302,24.14,83,Clouds,broken clouds,04d,7200
Prague,CZ,14.4208,50.088,16.1,15.28,14.93,17.51,1013,58,1013,978,10000,5.36,280,,84,Clouds,broken clouds,04d,7200
Warsaw,PL,21.0118,52.2298,13.91,13.47,12.34,14.95,1006,81,1006,995,10000,0.89,0,0.89,91,Clouds,overcast clouds,04d,7200
Budapest,HU,19.0399,47.498,22.35,21.97,21.17,23.24,1011,51,1011,990,10000,2.68,336,6.71,100,Rain,light rain,10d,7200
Lisbon,PT,-9.1333,38.7167,24.36,24.63,23.06,25.55,1016,68,1016,1008,10000,3.13,190,5.81,7,Clear,clear sky,01d,3600
Stockholm,SE,18.0649,59.3326,11.87,11.41,11.73,12.36,997,88,997,992,10000,1.34,270,3.58,100,Clouds,overcast clouds,04d,7200
Oslo,NO,10.7461,59.9127,15.52,14.72,15.52,15.52,1003,61,1003,980,10000,3.4,359,8.76,100,Clouds,overcast clouds,04d,7200
Copenhagen,DK,12.5655,55.6759,16.75,16.39,16.75,16.75,1003,73,1003,1001,10000,6.59,328,8.51,88,Clouds,overcast clouds,04d,7200
Helsinki,FI,24.9355,60.1695,14.67,13.97,13.87,16.69,1000,68,1000,998,10000,2.68,115,4.47,46,Clouds,scattered clouds,03d,10800
Athens,GR,23.7162,37.9795,28.17,28.12,26.52,29.6,1015,44,1015,991,10000,3.13,337,6.71,0,Clear,clear sky,01d,10800
Dublin,US,-121.9358,37.7021,14.55,14.25,12.95,15.48,1012,84,1012,987,10000,1.34,230,3.58,2,Clear,clear sky,01n,-25200
Zurich,CH,8.55,47.3667,25.78,25.46,24.6,27.12,1015,40,1015,958,10000,6.71,249,10.73,6,Clear,clear sky,01d,7200
Barcelona,ES,2.159,41.3888,30.37,28.82,29.37,33.5,1015,26,1015,1008,10000,1.34,90,4.92,31,Clouds,scattered clouds,03d,7200
Beijing,CN,116.3972,39.9075,28.8,28.67,28.8,28.8,1006,43,1006,1001,10000,3.74,145,4.73,11,Clouds,few clouds,02d,28800
Shanghai,CN,121.4581,31.2222,22.79,23.45,22.79,22.79,1007,89,1007,1006,10000,2.84,104,7.5,100,Clouds,overcast clouds,04n,28800
Shenzhen,CN,114.0683,22.5455,29.72,36.72,28.54,30.15,1006,90,1006,997,9506,3.97,216,7.36,100,Rain,light rain,10n,28800
Guangzhou,CN,113.25,23.1167,26.75,29.94,26.75,26.75,1004,89,1004,1004,10000,1.77,152,3.84,100,Clouds,overcast clouds,04n,28800
Harbin,CN,126.65,45.75,17.52,17.36,17.52,17.52,1013,78,1013,997,10000,1.99,80,6.67,100,Clouds,overcast clouds,04n,28800
Tokyo,JP,139.6917,35.6895,23.06,23.46,22.01,23.64,1017,78,1017,1016,10000,1.34,171,2.68,100,Clouds,overcast clouds,04n,32400
Seoul,KR,126.9778,37.5683,22.69,22.66,22.69,22.69,1011,63,1011,1001,10000,2.35,56,3.27,57,Clouds,broken clouds,04n,32400
Bangkok,TH,100.5167,13.75,29.39,35.85,29.39,29.39,1007,80,1007,1006,10000,4.85,201,6.65,91,Rain,moderate rain,10d,25200
Singapore,SG,103.8501,1.2897,28.85,34.54,28.85,28.85,1010,81,1010,1010,10000,4.13,163,4.4,94,Clouds,overcast clouds,04n,28800
Hong Kong,HK,114.1577,22.2855,29.49,36.49,28.6,30.21,1006,82,1006,1001,5075,7.15,210,,100,Clouds,overcast clouds,04n,28800
Taipei,TW,121.5319,25.0478,25.27,25.24,24.07,25.51,1005,53,1005,987,10000,1.34,260,5.81,100,Rain,light rain,10n,28800
Kuala Lumpur,MY,101.6865,3.1431,25.24,26.07,25.24,25.24,1011,86,1011,998,10000,1.9,336,3.47,100,Rain,moderate rain,10n,28800
Jakarta,ID,106.8451,-6.2146,30.25,36.99,30.05,31.28,1011,75,1011,1008,10000,0.89,80,0.89,34,Clouds,scattered clouds,03n,25200
Manila,PH,120.9822,14.6042,30.07,37.07,30.06,30.07,1010,86,1010,1013,10000,3.99,222,4.68,58,Clouds,broken clouds,04n,28800
Hanoi,VN,105.8412,21.0245,32.76,37.91,32.76,32.76,1000,57,1000,999,10000,3.87,147,8.82,99,Clouds,overcast clouds,04n,25200
New York,US,-74.006,40.7143,23.33,23.39,21.64,24.5,1011,64,1011,1010,10000,1.79,315,3.13,98,Clouds,overcast clouds,04d,-14400
Los Angeles,US,-118.2437,34.0522,17.05,16.51,15.56,18.29,1013,65,1013,993,10000,0.93,199,0.81,0,Clear,clear sky,01n,-25200
Chicago,US,-87.65,41.85,17.49,17.57,16.18,18.4,1011,87,1011,990,10000,1.34,286,2.24,90,Rain,light rain,10d,-18000
Houston,US,-95.3633,29.7633,27.27,31.64,26.17,27.85,1014,91,1014,1012,10000,1.34,109,4.02,7,Clear,clear sky,01d,-18000
Phoenix,US,-112.074,33.4484,31.26,30.82,29.63,32.33,1009,37,1009,967,10000,2.69,246,3.5,40,Clouds,scattered clouds,03n,-25200
Toronto,CA,-79.4163,43.7001,17.91,17.85,16.71,18.47,1006,80,1006,991,10000,0.89,355,3.13,100,Clouds,overcast clouds,04d,-14400
Vancouver,CA,-123.1193,49.2497,15.89,15.34,14.97,17.47,1021,69,1021,1013,10000,0.89,347,2.24,59,Clouds,broken clouds,04n,-25200
Montreal,CA,-73.5878,45.5088,17.18,17.38,16.14,17.85,1007,93,1007,1004,10000,1.34,203,3.13,27,Rain,moderate rain,10d,-14400
Calgary,CA,-114.0853,51.0501,7.67,7.19,6.9,9.31,1024,77,1024,897,10000,1.34,238,2.68,39,Clouds,scattered clouds,03d,-21600
Ottawa,CA,-75.6981,45.4112,17.35,17.65,16.17,17.77,1006,96,1006,995,10000,1.76,224,3.8,48,Rain,moderate rain,10d,-14400
Sao Paulo,BR,-46.6361,-23.5475,17.67,18.05,17.47,20.06,1020,98,1020,930,10000,0.45,8,1.34,92,Clouds,overcast clouds,04d,-10800
Rio de Janeiro,BR,-43.2075,-22.9028,24.74,25.88,23.3,24.74,1020,100,1020,1021,10000,0.28,215,0.75,99,Clouds,overcast clouds,04d,-10800
Buenos Aires,AR,-58.3772,-34.6132,3.5,3.5,2.22,3.86,1025,81,1025,1024,10000,0.45,158,0.89,0,Clear,clear sky,01d,-10800
Lima,PE,-77.0282,-12.0432,18.83,19.07,18.83,18.83,1015,88,1015,989,10000,1.37,178,0.95,81,Clouds,broken clouds,04d,-18000
Bogota,CO,-74.0817,4.6097,12.84,12.4,12.31,13.15,1021,85,1021,740,10000,1.22,105,2.2,100,Clouds,overcast clouds,04d,-18000
Santiago,CL,-70.6483,-33.4569,15.35,14.14,14.12,17.55,1017,46,1017,931,10000,0.82,88,0.76,100,Clouds,overcast clouds,04n,-14400
Caracas,VE,-66.8792,10.488,21.49,21.81,21.49,22.88,1017,81,1017,899,10000,0.89,53,1.34,51,Clouds,broken clouds,04d,-14400
Quito,EC,-78.5249,-0.2299,8.44,7.33,8.44,8.44,1020,79,1020,724,10000,2.05,135,2.88,67,Clouds,broken clouds,04d,-18000
Montevideo,UY,-56.1674,-34.8335,8.74,6.25,8.74,8.74,1023,73,1023,1020,10000,4.45,202,6.15,40,Clouds,scattered clouds,03d,-10800
La Paz,BO,-68.15,-16.5,5.33,4.4,5.33,5.33,1023,43,1023,622,10000,1.44,30,1.43,6,Clear,clear sky,01d,-14400
Cairo,EG,31.2497,30.0626,33.01,32.47,33.01,33.01,1009,33,1009,1004,10000,4.78,301,5.22,0,Clear,clear sky,01d,10800
Lagos,NG,3.75,6.5833,28.78,33.35,28.78,28.78,1014,76,1014,1014,10000,3.15,182,3.8,91,Rain,moderate rain,10d,3600
Nairobi,KE,36.8167,-1.2833,20.83,20.46,20.83,20.83,1017,57,1017,840,10000,4.34,120,3.78,97,Clouds,overcast clouds,04d,10800
Johannesburg,ZA,28.0436,-26.2023,18.57,18.13,17.08,18.8,1022,63,1022,834,10000,0.89,54,2.68,0,Clear,clear sky,01d,7200
Cape Town,ZA,18.4232,-33.9258,14.88,14.54,14.38,15.62,1022,81,1022,1020,10000,3.13,321,7.15,7,Rain,light rain,10d,7200
Casablanca,MA,-7.6192,33.5928,24.07,24.1,24.07,24.07,1018,60,1018,1009,10000,2.68,340,,31,Clouds,scattered clouds,03d,3600
Addis Ababa,ET,38.7469,9.025,23.06,22.23,23.06,23.06,1013,31,1013,773,10000,5.83,62,7.14,81,Clouds,broken clouds,04d,10800
Dar es Salaam,TZ,39.2695,-6.8235,28.97,29.87,28.97,28.97,1017,52,1017,1015,10000,5.9,153,7.25,65,Clouds,broken clouds,04d,10800
Accra,GH,-0.1969,5.556,28.66,32.34,28.66,28.66,1014,72,1014,1011,10000,4.39,221,4.29,73,Clouds,broken clouds,04d,0
Tunis,TN,9.0,34.0,32.59,30.93,32.59,32.59,1016,25,1016,1005,10000,0.78,150,0.91,0,Clear,clear sky,01d,3600
Sydney,AU,151.2073,-33.8679,15.97,15.61,15.17,16.51,1032,76,1032,1027,10000,1.79,161,5.36,71,Clouds,broken clouds,04n,36000
Melbourne,US,-80.6081,28.0836,25.84,26.54,24.47,26.14,1016,79,1016,1016,10000,2.68,232,3.58,100,Clouds,overcast clouds,04d,-14400
Brisbane,AU,153.0281,-27.4679,15.58,15.52,14.12,16.76,1028,89,1028,1022,10000,1.79,101,2.24,92,Clouds,overcast clouds,04n,36000
Auckland,NZ,174.7667,-36.8667,10.95,9.95,9.67,11.82,1031,71,1031,1027,10000,1.46,294,2.32,10,Clear,clear sky,01n,43200
Wellington,NZ,174.7756,-41.2866,13.55,13.26,12.73,14.81,1022,88,1022,1010,10000,10.73,332,18.33,12,Clouds,few clouds,02n,43200
Dubai,AE,55.3047,25.2582,33.53,40.53,33.53,33.53,1001,60,1001,1000,10000,5.52,340,5.52,0,Clear,clear sky,01d,14400
Doha,QA,51.5333,25.2867,39.69,40.94,39.69,39.69,1001,26,1001,1000,10000,7.16,33,8.57,4,Clear,clear sky,01d,10800
Riyadh,SA,46.7219,24.6877,43.58,39.13,43.58,43.58,1002,5,1002,933,10000,2.7,266,3.65,0,Clear,clear sky,01d,10800
Abu Dhabi,AE,54.3667,24.4667,33.42,39.86,33.42,33.42,1000,58,1000,1000,10000,5.83,340,5.99,0,Clear,clear sky,01d,14400
Muscat,OM,58.5922,23.6139,36.29,40.48,36.29,36.29,1001,42,1001,992,10000,1.61,52,2.86,0,Clear,clear sky,01d,14400
Istanbul,TR,28.9833,41.0351,24.32,24.22,23.53,27.77,1015,54,1015,1006,10000,1.03,236,3.2,0,Clear,clear sky,01d,10800
Ankara,TR,32.8543,39.9199,20.67,20.36,20.67,23.47,1011,60,1011,892,10000,2.68,329,3.58,47,Clouds,scattered clouds,03d,10800
Tehran,IR,51.4215,35.6944,33.73,31.22,33.73,33.73,1003,9,1003,857,10000,4.02,280,,0,Clear,clear sky,01d,12600
Baghdad,IQ,44.4009,33.3406,40.38,37.56,40.38,40.38,1002,11,1002,998,10000,7.88,267,10.01,0,Clear,clear sky,01d,10800
Amman,JO,35.945,31.9552,26.48,26.48,26.48,26.48,1010,29,1010,920,10000,7.26,277,8.12,0,Clear,clear sky,01d,10800
Mumbai,IN,72.8479,19.0144,31.11,38.11,31.11,31.11,1007,71,1007,1007,10000,7.6,275,8.16,47,Clouds,scattered clouds,03d,19800
Delhi,IN,77.2167,28.6667,41.34,40.61,41.34,41.34,997,18,997,973,10000,4.31,303,7.37,0,Clear,clear sky,01d,19800
Bangalore,IN,77.6033,12.9762,27.66,30.26,27.14,29.08,1009,72,1009,912,10000,6.01,296,7.91,100,Rain,light rain,10d,19800
Chennai,IN,80.2785,13.0878,35.61,42.61,35.05,35.61,1005,60,1005,1004,10000,4.55,106,5.32,96,Clouds,overcast clouds,04d,19800
Kolkata,IN,88.3697,22.5697,30.5,36.29,30.5,30.5,1000,70,1000,1000,10000,4.68,27,5.16,80,Clouds,broken clouds,04d,19800
Islamabad,PK,73.1338,33.7104,35.47,38.43,35.47,35.47,1000,41,1000,921,10000,1.66,353,2.55,39,Clouds,scattered clouds,03d,18000
Lahore,PK,74.3436,31.5497,39.71,38.97,39.71,39.71,998,20,998,975,10000,2.63,355,3.43,0,Clear,clear sky,01d,18000
Dhaka,BD,90.4074,23.7104,30.19,36.28,30.19,30.19,1001,73,1001,1000,10000,5.37,172,6.72,92,Clouds,overcast clouds,04d,21600
Colombo,LK,79.8478,6.9319,29.46,35.33,29.46,29.46,1010,77,1010,1009,10000,6.39,249,9.25,81,Clouds,broken clouds,04d,19800
Kathmandu,NP,85.3167,27.7167,25.73,25.9,25.73,25.73,1003,59,1003,845,10000,1.47,182,1.65,73,Clouds,broken clouds,04d,20700
Murmansk,RU,34.0,68.0,9.69,6.64,9.69,9.69,1014,68,1014,982,10000,6.68,69,9.72,100,Clouds,overcast clouds,04n,10800
Arkhangelsk,RU,40.5433,64.5401,24.19,23.89,24.19,24.19,1004,47,1004,1003,10000,1.9,213,3.47,76,Clouds,broken clouds,04d,10800
Sochi,RU,39.7303,43.6,22.18,22.15,22.18,22.18,1011,65,1011,996,10000,3.86,172,3.92,100,Clouds,overcast clouds,04d,10800
Vladivostok,RU,131.8735,43.1056,14.53,14.44,14.53,14.53,1016,92,1016,1014,10000,2.5,45,4.07,98,Clouds,overcast clouds,04n,36000
Irkutsk,RU,104.2964,52.2978,19.31,18.73,19.31,19.31,1008,55,1008,959,10000,2.56,149,5.05,65,Clouds,broken clouds,04d,28800
Yakutsk,RU,129.7331,62.0339,14.43,13.57,14.43,14.43,1008,63,1008,997,10000,0.78,321,0.84,80,Clouds,broken clouds,04d,32400
Petropavlovsk-Kamchatsky,RU,158.6483,53.0452,6.29,6.29,6.29,6.29,1024,94,1024,1007,10000,1.18,127,1.42,60,Clouds,broken clouds,04n,43200
Kaliningrad,RU,20.511,54.7065,14.0,13.73,14.0,14.0,1001,87,1001,998,10000,6.46,253,8.87,100,Clouds,overcast clouds,04d,7200
Smolensk,RU,33.0,55.0,17.97,17.68,17.97,17.97,1004,71,1004,980,10000,2.99,198,6.24,93,Rain,light rain,10d,10800
Tver,RU,35.8931,56.8619,21.01,20.39,21.01,21.01,1004,47,1004,986,10000,1.4,334,1.99,90,Clouds,overcast clouds,04d,10800
Munich,DE,11.5755,48.1374,18.92,18.41,17.96,19.58,1015,59,1015,953,10000,3.13,296,5.36,96,Clouds,overcast clouds,04d,7200
Hamburg,DE,10.0,53.55,17.12,16.87,16.27,17.38,1009,76,1009,1007,10000,8.18,294,11.95,51,Clouds,broken clouds,04d,7200
Milan,IT,9.1895,45.4643,27.96,29.73,26.75,29.69,1012,63,1012,997,10000,2.24,285,3.13,90,Clouds,overcast clouds,04d,7200
Naples,IT,14.25,40.8333,27.49,28.21,25.97,28.4,1017,54,1017,1013,10000,1.79,182,5.36,10,Clear,clear sky,01d,7200
Valencia,ES,-0.8333,39.3333,28.63,27.63,28.63,28.63,1014,31,1014,957,10000,3.5,114,2.91,16,Clouds,few clouds,02d,7200
Seville,ES,-5.9761,37.3824,26.27,26.27,26.27,26.27,1016,35,1016,1013,10000,6.46,225,5.57,0,Clear,clear sky,01d,7200
Porto,PT,-8.611,41.1496,25.27,25.26,25.27,25.27,1016,54,1016,1008,10000,4.46,258,3.81,48,Clouds,scattered clouds,03d,3600
Lyon,FR,4.5833,45.75,26.37,26.37,25.83,26.38,1017,45,1017,957,10000,0.45,61,5.81,59,Clouds,broken clouds,04d,7200
Marseille,FR,5.5,43.3333,26.02,26.02,25.2,31.47,1013,54,1013,994,5760,2.86,214,3.59,88,Clouds,overcast clouds,04d,7200
Geneva,US,-88.3054,41.8875,15.66,15.61,15.08,16.81,1011,89,1011,984,10000,0.89,360,4.92,100,Rain,heavy intensity rain,10d,-18000
Osaka,JP,135.5022,34.6937,22.73,22.89,22.73,23.36,1015,70,1015,1011,10000,0.85,77,3.78,100,Rain,light rain,10n,32400
Nagoya,JP,136.9064,35.1815,23.31,23.63,23.31,23.31,1017,74,1017,1017,10000,0.45,190,1.34,100,Rain,light rain,10n,32400
Busan,KR,129.0403,35.1028,21.11,21.26,21.11,21.11,1012,76,1012,1008,10000,0.87,170,0.93,19,Clouds,few clouds,02n,32400
Incheon,KR,126.4161,37.45,19.44,19.71,19.44,19.44,1012,87,1012,1012,10000,4.88,357,5.49,18,Clouds,few clouds,02n,32400
Chiang Mai,TH,99.0,18.75,26.33,26.33,25.96,26.33,1006,89,1006,962,10000,1.73,202,3.26,86,Clouds,overcast clouds,04d,25200
Phuket,TH,98.25,8.0,31.72,38.72,31.72,31.72,1010,76,1010,1007,10000,3.22,279,4.69,100,Clouds,overcast clouds,04d,25200
Siem Reap,KH,104.0,13.5,28.83,33.47,28.83,28.83,1007,76,1007,999,10000,1.05,277,2.05,96,Clouds,overcast clouds,04n,25200
Vientiane,LA,102.6,17.9667,32.49,39.49,32.49,32.49,1005,71,1005,983,10000,2.43,291,3.45,86,Clouds,overcast clouds,04d,25200
Yangon,MM,96.1561,16.8053,27.34,30.29,27.34,27.34,1007,78,1007,1006,10000,3.93,251,7.86,92,Clouds,overcast clouds,04d,23400
Ulaanbaatar,MN,106.8832,47.9077,16.27,15.68,16.27,16.27,1008,66,1008,845,10000,1.22,31,0.71,69,Clouds,broken clouds,04d,28800
San Francisco,US,-122.4194,37.7749,13.99,13.53,12.85,15.24,1012,80,1012,1009,10000,4.02,296,6.71,34,Clouds,scattered clouds,03n,-25200
San Diego,US,-117.1573,32.7153,18.45,18.7,17.56,19.38,1013,90,1013,1008,10000,2.24,330,4.02,0,Clear,clear sky,01n,-25200
Dallas,US,-96.7836,32.7668,25.42,26.34,24.75,26.52,1014,89,1014,996,10000,0.45,58,2.68,34,Clouds,scattered clouds,03d,-18000
Miami,US,-80.1937,25.7743,26.79,29.28,25.0,27.79,1017,80,1017,1016,10000,2.36,184,2.73,4,Rain,light rain,10d,-14400
Boston,US,-71.0598,42.3584,21.7,21.7,20.21,23.03,1011,68,1011,1007,10000,1.34,180,4.47,100,Clouds,overcast clouds,04d,-14400
Philadelphia,US,-75.1638,39.9523,23.17,23.58,21.61,24.14,1012,78,1012,1008,10000,0.89,206,3.58,99,Clouds,overcast clouds,04d,-14400
Atlanta,US,-84.388,33.749,24.0,24.52,22.55,25.08,1015,79,1015,982,10000,0.89,273,5.36,85,Rain,moderate rain,10d,-14400
Detroit,US,-83.0458,42.3314,22.53,22.98,21.29,22.78,1007,82,1007,986,10000,2.74,259,6.25,96,Clouds,overcast clouds,04d,-14400
Seattle,US,-122.3321,47.6062,14.97,14.59,12.86,16.02,1020,79,1020,1011,10000,0.45,336,1.34,73,Clouds,broken clouds,04n,-25200
Denver,US,-104.9847,39.7392,12.17,11.01,11.17,12.8,1025,60,1025,844,10000,4.47,129,4.92,94,Clouds,overcast clouds,04d,-21600
Medellin,CO,-75.5636,6.2518,17.15,16.54,17.07,17.64,1018,62,1018,808,10000,0.89,86,1.79,88,Clouds,overcast clouds,04d,-18000
Cali,CO,-76.5225,3.4372,17.23,17.44,17.23,17.23,1016,93,1016,873,10000,0.45,235,0.45,95,Clouds,overcast clouds,04d,-18000
Guayaquil,EC,-79.9,-2.1667,24.41,25.33,24.41,24.41,1012,93,1012,1011,10000,1.25,240,2.62,26,Clouds,scattered clouds,03d,-18000
Asuncion,PY,-57.6359,-25.3007,14.03,13.84,14.03,14.03,1020,90,1020,1010,10000,1.79,182,2.68,100,Clouds,overcast clouds,04d,-10800
Sucre,BO,-65.2627,-19.0333,8.85,8.16,8.85,8.85,1021,77,1021,732,10000,1.67,16,2.03,68,Clouds,broken clouds,04d,-14400
Alexandria,EG,29.9553,31.2156,25.5,25.65,25.5,25.5,1013,59,1013,1013,10000,6.48,329,7.58,0,Clear,clear sky,01d,10800
Kinshasa,CD,15.3215,-4.3246,33.43,33.41,33.43,33.43,1012,35,1012,981,10000,2.01,205,2.39,58,Clouds,broken clouds,04d,3600
Luanda,AO,13.2343,-8.8368,25.15,25.47,25.15,25.15,1013,67,1013,1005,10000,5.14,267,4.97,27,Clouds,scattered clouds,03d,3600
Maputo,MZ,32.5892,-25.9653,23.62,23.66,23.62,23.62,1023,62,1023,1015,10000,3.65,46,4.62,22,Clouds,few clouds,02d,7200
Dakar,SN,-17.4441,14.6937,26.25,26.25,26.25,26.25,1015,79,1015,1015,10000,2.68,51,6.26,69,Clouds,broken clouds,04d,0
Perth,AU,115.8333,-31.9333,13.73,13.61,13.25,13.99,1016,94,1016,1013,10000,3.85,152,7.69,96,Clouds,overcast clouds,04n,28800
Adelaide,AU,138.6,-34.9333,11.38,10.27,10.05,12.28,1029,65,1029,1013,10000,3.13,101,5.81,59,Clouds,broken clouds,04n,34200
Christchurch,NZ,172.6333,-43.5333,9.97,8.29,9.97,9.97,1018,69,1018,1011,10000,3.33,21,5.38,0,Clear,clear sky,01n,43200
Port Moresby,PG,147.1797,-9.4431,22.52,22.81,22.52,22.52,1015,76,1015,1012,10000,4.95,131,6.87,80,Clouds,broken clouds,04n,36000
Suva,FJ,178.4415,-18.1416,22.31,22.95,22.31,22.31,1015,90,1015,1012,8881,9.66,74,14.27,100,Clouds,overcast clouds,04n,43200
Kuwait City,KW,47.9783,29.3697,37.1,39.53,37.1,37.1,1001,35,1001,999,10000,5.44,110,4.78,0,Clear,clear sky,01d,10800
Manama,BH,50.5832,26.2154,34.83,39.53,34.83,34.83,1002,48,1002,1001,10000,4.89,359,5.17,0,Clear,clear sky,01d,10800
Sanaa,YE,44.2067,15.3547,29.1,27.5,29.1,29.1,1011,6,1011,762,10000,8.61,49,6.59,69,Clouds,broken clouds,04d,10800
Damascus,SY,36.2913,33.5102,30.07,28.62,30.07,30.07,1007,27,1007,924,10000,0.45,288,0.45,0,Clear,clear sky,01d,10800
Beirut,LB,35.4944,33.8889,26.32,26.32,26.32,26.32,1010,75,1010,1004,10000,6.29,228,6.22,0,Clear,clear sky,01d,10800
Hyderabad,IN,78.4744,17.3753,32.22,33.39,32.22,32.22,1004,44,1004,942,10000,7.87,255,10.37,80,Clouds,broken clouds,04d,19800
Pune,IN,73.8553,18.5196,33.24,32.15,32.45,34.21,1008,29,1008,936,10000,2.24,262,,0,Clear,clear sky,01d,19800
Ahmedabad,IN,72.6167,23.0333,39.39,40.43,39.39,39.39,1002,26,1002,997,10000,7.41,287,7.86,0,Clear,clear sky,01d,19800
Jaipur,IN,75.8167,26.9167,35.43,34.67,35.43,35.43,1001,27,1001,954,10000,7.31,302,7.11,30,Clouds,scattered clouds,03d,19800
Lucknow,IN,80.9167,26.85,40.1,38.38,40.1,40.1,997,16,997,983,10000,6.08,299,7.12,0,Clear,clear sky,01d,19800
Macau,MO,113.5461,22.2006,27.6,31.93,27.6,27.6,1005,86,1005,1003,8900,5.35,226,8.99,100,Clouds,overcast clouds,04n,28800
Bishkek,KG,74.59,42.87,31.05,30.2,31.05,31.05,1005,34,1005,908,10000,4.41,243,4.28,44,Clouds,scattered clouds,03d,21600
Tashkent,UZ,69.2163,41.2646,37.34,34.74,37.34,37.34,1002,13,1002,955,10000,2.31,252,3.13,100,Clouds,overcast clouds,04d,18000
Ashgabat,TM,58.3833,37.95,36.01,35.06,36.01,36.01,1004,25,1004,960,10000,4.03,13,2.39,0,Clear,clear sky,01d,18000
Dushanbe,TJ,68.7797,38.5577,34.07,31.73,34.07,34.07,1004,16,1004,895,10000,1.52,92,1.9,44,Clouds,scattered clouds,03d,18000
Astana,KZ,71.446,51.1801,18.74,18.58,18.74,18.74,1005,73,1005,964,10000,6.75,193,12.25,100,Clouds,overcast clouds,04d,18000
Yerevan,AM,44.5136,40.1811,15.4,14.93,15.4,15.4,1008,74,1008,887,10000,7.6,63,9.35,47,Clouds,scattered clouds,03d,14400
Baku,AZ,49.892,40.3777,27.22,27.5,27.22,27.22,1006,48,1006,1005,10000,3.89,158,3.12,61,Clouds,broken clouds,04d,14400
Tbilisi,GE,44.8337,41.6941,26.07,26.07,26.07,26.07,1006,44,1006,939,10000,2.9,187,2.18,94,Clouds,overcast clouds,04d,14400
Minsk,BY,27.5667,53.9,15.99,15.47,15.99,15.99,1003,70,1003,977,10000,6.55,245,7.85,66,Clouds,broken clouds,04d,10800
Kyiv,UA,30.5167,50.4333,22.07,22.21,22.01,22.07,1006,72,1006,991,10000,0.45,130,0.89,59,Clouds,broken clouds,04d,10800
Chisinau,MD,28.8575,47.0056,27.74,27.0,27.74,27.74,1009,32,1009,994,10000,3.74,262,5.76,24,Clouds,few clouds,02d,10800
Vilnius,LT,25.2798,54.6892,15.08,14.65,15.08,15.23,1002,77,1002,984,10000,3.58,237,4.92,92,Rain,light rain,10d,10800
Riga,LV,24.0833,57.0,14.71,14.48,14.71,14.71,999,86,999,998,8879,4.75,168,6.83,99,Clouds,overcast clouds,04d,10800
Tallinn,EE,24.7535,59.437,15.76,15.06,15.76,15.76,998,64,998,996,10000,2.87,148,4.06,51,Clouds,broken clouds,04d,10800
Reykjavik,IS,-21.8954,64.1355,12.58,11.83,12.58,12.58,1025,74,1025,1012,6676,2.36,289,2.47,9,Clear,clear sky,01d,0
Nuuk,GL,-51.7216,64.1835,9.14,8.22,9.14,9.14,1017,61,1017,1015,10000,1.97,84,2.78,0,Clear,clear sky,01d,-3600
Thimphu,BT,89.6419,27.4661,15.57,15.4,15.57,15.57,1007,85,1007,700,10000,1.59,152,2.67,77,Clouds,broken clouds,04d,21600
Male,MV,73.5089,4.1748,28.19,32.58,28.19,28.19,1012,80,1012,1012,10000,6.12,288,7.27,100,Clouds,overcast clouds,04d,18000
